{
    "Cannabis": {
        "25%": 504.0,
        "50%": 832.0,
        "75%": 1191.0,
        "count": 229.0,
        "max": 5445.0,
        "mean": 1021.3711790393013,
        "min": 103.0,
        "std": 819.7266057125861
    },
    "DMT": {
        "25%": 529.5,
        "50%": 796.0,
        "75%": 1312.5,
        "count": 279.0,
        "max": 4711.0,
        "mean": 1024.078853046595,
        "min": 124.0,
        "std": 693.0157126158776
    },
    "LSD": {
        "25%": 722.0,
        "50%": 1159.0,
        "75%": 1896.0,
        "count": 349.0,
        "max": 24241.0,
        "mean": 1561.7908309455588,
        "min": 64.0,
        "std": 1703.9998210183678
    },
    "MDMA": {
        "25%": 493.0,
        "50%": 816.0,
        "75%": 1171.0,
        "count": 401.0,
        "max": 7414.0,
        "mean": 967.7880299251871,
        "min": 10.0,
        "std": 723.7421933647086
    },
    "Mescaline/Cacti/Children": {
        "25%": 539.0,
        "50%": 894.0,
        "75%": 1423.0,
        "count": 137.0,
        "max": 14167.0,
        "mean": 1154.6934306569342,
        "min": 158.0,
        "std": 1324.8953041991203
    },
    "Psilocybin/Mushrooms": {
        "25%": 632.0,
        "50%": 1026.0,
        "75%": 1584.5,
        "count": 551.0,
        "max": 22700.0,
        "mean": 1291.0254083484574,
        "min": 113.0,
        "std": 1300.178693763622
    },
    "Total": {
        "25%": 563.25,
        "50%": 928.0,
        "75%": 1483.25,
        "count": 1946.0,
        "max": 24241.0,
        "mean": 1193.3751284686537,
        "min": 10.0,
        "std": 1191.915674834337
    }
}