{
    "bad": {
        "Cannabis": {
            "word count": {
                "25%": 596.5,
                "50%": 941.5,
                "75%": 1276.0,
                "count": 136.0,
                "max": 4089.0,
                "mean": 1050.389705882353,
                "min": 65.0,
                "std": 666.4809204881469
            }
        },
        "DMT": {
            "word count": {
                "25%": 438.0,
                "50%": 794.0,
                "75%": 1207.0,
                "count": 33.0,
                "max": 4686.0,
                "mean": 995.939393939394,
                "min": 14.0,
                "std": 875.4762253837172
            }
        },
        "Ketamine": {
            "word count": {
                "25%": 397.25,
                "50%": 660.5,
                "75%": 839.75,
                "count": 14.0,
                "max": 1212.0,
                "mean": 645.5714285714286,
                "min": 206.0,
                "std": 293.2905396690126
            }
        },
        "LSD": {
            "word count": {
                "25%": 656.75,
                "50%": 1060.5,
                "75%": 1759.0,
                "count": 160.0,
                "max": 17198.0,
                "mean": 1488.98125,
                "min": 78.0,
                "std": 1663.8876597596109
            }
        },
        "MDMA": {
            "word count": {
                "25%": 424.25,
                "50%": 567.0,
                "75%": 828.0,
                "count": 28.0,
                "max": 2522.0,
                "mean": 783.8928571428571,
                "min": 121.0,
                "std": 608.4197101103757
            }
        },
        "Mescaline/Cacti/Children": {
            "word count": {
                "25%": 1045.75,
                "50%": 1625.5,
                "75%": 2205.25,
                "count": 2.0,
                "max": 2785.0,
                "mean": 1625.5,
                "min": 466.0,
                "std": 1639.7806255716037
            }
        },
        "Psilocybin/Mushrooms": {
            "word count": {
                "25%": 627.5,
                "50%": 941.0,
                "75%": 1581.0,
                "count": 195.0,
                "max": 4757.0,
                "mean": 1176.9589743589743,
                "min": 178.0,
                "std": 751.6328674162579
            }
        },
        "Total": {
            "word count": {
                "25%": 588.5,
                "50%": 916.5,
                "75%": 1516.25,
                "count": 568.0,
                "max": 17198.0,
                "mean": 1193.1355633802816,
                "min": 14.0,
                "std": 1091.4620411328547
            }
        }
    },
    "first": {
        "Cannabis": {
            "word count": {
                "25%": 504.0,
                "50%": 832.0,
                "75%": 1191.0,
                "count": 229.0,
                "max": 5445.0,
                "mean": 1021.3711790393013,
                "min": 103.0,
                "std": 819.7266057125861
            }
        },
        "DMT": {
            "word count": {
                "25%": 529.5,
                "50%": 796.0,
                "75%": 1312.5,
                "count": 279.0,
                "max": 4711.0,
                "mean": 1024.078853046595,
                "min": 124.0,
                "std": 693.0157126158776
            }
        },
        "Ketamine": {
            "word count": {
                "25%": 516.0,
                "50%": 806.0,
                "75%": 1152.0,
                "count": 113.0,
                "max": 2835.0,
                "mean": 894.8761061946902,
                "min": 202.0,
                "std": 493.26767821378405
            }
        },
        "LSD": {
            "word count": {
                "25%": 722.0,
                "50%": 1159.0,
                "75%": 1896.0,
                "count": 349.0,
                "max": 24241.0,
                "mean": 1561.7908309455588,
                "min": 64.0,
                "std": 1703.9998210183678
            }
        },
        "MDMA": {
            "word count": {
                "25%": 493.0,
                "50%": 816.0,
                "75%": 1171.0,
                "count": 401.0,
                "max": 7414.0,
                "mean": 967.7880299251871,
                "min": 10.0,
                "std": 723.7421933647086
            }
        },
        "Mescaline/Cacti/Children": {
            "word count": {
                "25%": 539.0,
                "50%": 894.0,
                "75%": 1423.0,
                "count": 137.0,
                "max": 14167.0,
                "mean": 1154.6934306569342,
                "min": 158.0,
                "std": 1324.8953041991203
            }
        },
        "Psilocybin/Mushrooms": {
            "word count": {
                "25%": 632.0,
                "50%": 1026.0,
                "75%": 1584.5,
                "count": 551.0,
                "max": 22700.0,
                "mean": 1291.0254083484574,
                "min": 113.0,
                "std": 1300.178693763622
            }
        },
        "Total": {
            "word count": {
                "25%": 563.0,
                "50%": 916.0,
                "75%": 1455.5,
                "count": 2059.0,
                "max": 24241.0,
                "mean": 1176.9932005828073,
                "min": 10.0,
                "std": 1166.4146188735247
            }
        }
    },
    "general": {
        "Cannabis": {
            "word count": {
                "25%": 418.5,
                "50%": 650.0,
                "75%": 1087.5,
                "count": 443.0,
                "max": 6449.0,
                "mean": 842.9097065462754,
                "min": 71.0,
                "std": 689.5195592569347
            }
        },
        "DMT": {
            "word count": {
                "25%": 465.0,
                "50%": 694.0,
                "75%": 1172.5,
                "count": 360.0,
                "max": 4450.0,
                "mean": 909.4111111111112,
                "min": 1.0,
                "std": 674.4183900063123
            }
        },
        "Ketamine": {
            "word count": {
                "25%": 449.0,
                "50%": 704.0,
                "75%": 1100.5,
                "count": 207.0,
                "max": 4922.0,
                "mean": 838.7101449275362,
                "min": 144.0,
                "std": 589.0442341207914
            }
        },
        "LSD": {
            "word count": {
                "25%": 573.0,
                "50%": 1012.0,
                "75%": 1755.0,
                "count": 541.0,
                "max": 24241.0,
                "mean": 1425.7264325323474,
                "min": 5.0,
                "std": 1694.055611221526
            }
        },
        "MDMA": {
            "word count": {
                "25%": 332.0,
                "50%": 630.0,
                "75%": 1033.0,
                "count": 354.0,
                "max": 7018.0,
                "mean": 827.0056497175141,
                "min": 40.0,
                "std": 772.99089848876
            }
        },
        "Mescaline/Cacti/Children": {
            "word count": {
                "25%": 478.0,
                "50%": 846.0,
                "75%": 1465.75,
                "count": 188.0,
                "max": 11193.0,
                "mean": 1168.1382978723404,
                "min": 128.0,
                "std": 1214.4157117224606
            }
        },
        "Psilocybin/Mushrooms": {
            "word count": {
                "25%": 521.25,
                "50%": 920.5,
                "75%": 1530.0,
                "count": 874.0,
                "max": 22700.0,
                "mean": 1191.8455377574371,
                "min": 27.0,
                "std": 1224.6186456208675
            }
        },