{
    "Cannabis": {
        "word count": {
            "25%": 596.5,
            "50%": 941.5,
            "75%": 1276.0,
            "count": 136.0,
            "max": 4089.0,
            "mean": 1050.389705882353,
            "min": 65.0,
            "std": 666.4809204881469
        }
    },
    "DMT": {
        "word count": {
            "25%": 438.0,
            "50%": 794.0,
            "75%": 1207.0,
            "count": 33.0,
            "max": 4686.0,
            "mean": 995.939393939394,
            "min": 14.0,
            "std": 875.4762253837172
        }
    },
    "Ketamine": {
        "word count": {
            "25%": 397.25,
            "50%": 660.5,
            "75%": 839.75,
            "count": 14.0,
            "max": 1212.0,
            "mean": 645.5714285714286,
            "min": 206.0,
            "std": 293.2905396690126
        }
    },
    "LSD": {
        "word count": {
            "25%": 656.75,
            "50%": 1060.5,
            "75%": 1759.0,
            "count": 160.0,
            "max": 17198.0,
            "mean": 1488.98125,
            "min": 78.0,
            "std": 1663.8876597596109
        }
    },
    "MDMA": {
        "word count": {
            "25%": 424.25,
            "50%": 567.0,
            "75%": 828.0,
            "count": 28.0,
            "max": 2522.0,
            "mean": 783.8928571428571,
            "min": 121.0,
            "std": 608.4197101103757
        }
    },
    "Mescaline/Cacti/Children": {
        "word count": {
            "25%": 1045.75,
            "50%": 1625.5,
            "75%": 2205.25,
            "count": 2.0,
            "max": 2785.0,
            "mean": 1625.5,
            "min": 466.0,
            "std": 1639.7806255716037
        }
    },
    "Psilocybin/Mushrooms": {
        "word count": {
            "25%": 627.5,
            "50%": 941.0,
            "75%": 1581.0,
            "count": 195.0,
            "max": 4757.0,
            "mean": 1176.9589743589743,
            "min": 178.0,
            "std": 751.6328674162579
        }
    },
    "Total": {
        "word count": {
            "25%": 588.5,
            "50%": 916.5,
            "75%": 1516.25,
            "count": 568.0,
            "max": 17198.0,
            "mean": 1193.1355633802816,
            "min": 14.0,
            "std": 1091.4620411328547
        }
    }
}