{
    "Cannabis": {
        "word count": {
            "25%": 504.0,
            "50%": 832.0,
            "75%": 1191.0,
            "count": 229.0,
            "max": 5445.0,
            "mean": 1021.3711790393013,
            "min": 103.0,
            "std": 819.7266057125861
        }
    },
    "DMT": {
        "word count": {
            "25%": 529.5,
            "50%": 796.0,
            "75%": 1312.5,
            "count": 279.0,
            "max": 4711.0,
            "mean": 1024.078853046595,
            "min": 124.0,
            "std": 693.0157126158776
        }
    },
    "Ketamine": {
        "word count": {
            "25%": 516.0,
            "50%": 806.0,
            "75%": 1152.0,
            "count": 113.0,
            "max": 2835.0,
            "mean": 894.8761061946902,
            "min": 202.0,
            "std": 493.26767821378405
        }
    },
    "LSD": {
        "word count": {
            "25%": 722.0,
            "50%": 1159.0,
            "75%": 1896.0,
            "count": 349.0,
            "max": 24241.0,
            "mean": 1561.7908309455588,
            "min": 64.0,
            "std": 1703.9998210183678
        }
    },
    "MDMA": {
        "word count": {
            "25%": 493.0,
            "50%": 816.0,
            "75%": 1171.0,
            "count": 401.0,
            "max": 7414.0,
            "mean": 967.7880299251871,
            "min": 10.0,
            "std": 723.7421933647086
        }
    },
    "Mescaline/Cacti/Children": {
        "word count": {
            "25%": 539.0,
            "50%": 894.0,
            "75%": 1423.0,
            "count": 137.0,
            "max": 14167.0,
            "mean": 1154.6934306569342,
            "min": 158.0,
            "std": 1324.8953041991203
        }
    },
    "Psilocybin/Mushrooms": {
        "word count": {
            "25%": 632.0,
            "50%": 1026.0,
            "75%": 1584.5,
            "count": 551.0,
            "max": 22700.0,
            "mean": 1291.0254083484574,
            "min": 113.0,
            "std": 1300.178693763622
        }
    },
    "Total": {
        "word count": {
            "25%": 563.0,
            "50%": 916.0,
            "75%": 1455.5,
            "count": 2059.0,
            "max": 24241.0,
            "mean": 1176.9932005828073,
            "min": 10.0,
            "std": 1166.4146188735247
        }
    }
}