{
    "Cannabis": {
        "word count": {
            "25%": 418.5,
            "50%": 650.0,
            "75%": 1087.5,
            "count": 443.0,
            "max": 6449.0,
            "mean": 842.9097065462754,
            "min": 71.0,
            "std": 689.5195592569347
        }
    },
    "DMT": {
        "word count": {
            "25%": 465.0,
            "50%": 694.0,
            "75%": 1172.5,
            "count": 360.0,
            "max": 4450.0,
            "mean": 909.4111111111112,
            "min": 1.0,
            "std": 674.4183900063123
        }
    },
    "Ketamine": {
        "word count": {
            "25%": 449.0,
            "50%": 704.0,
            "75%": 1100.5,
            "count": 207.0,
            "max": 4922.0,
            "mean": 838.7101449275362,
            "min": 144.0,
            "std": 589.0442341207914
        }
    },
    "LSD": {
        "word count": {
            "25%": 573.0,
            "50%": 1012.0,
            "75%": 1755.0,
            "count": 541.0,
            "max": 24241.0,
            "mean": 1425.7264325323474,
            "min": 5.0,
            "std": 1694.055611221526
        }
    },
    "MDMA": {
        "word count": {
            "25%": 332.0,
            "50%": 630.0,
            "75%": 1033.0,
            "count": 354.0,
            "max": 7018.0,
            "mean": 827.0056497175141,
            "min": 40.0,
            "std": 772.99089848876
        }
    },
    "Mescaline/Cacti/Children": {
        "word count": {
            "25%": 478.0,
            "50%": 846.0,
            "75%": 1465.75,
            "count": 188.0,
            "max": 11193.0,
            "mean": 1168.1382978723404,
            "min": 128.0,
            "std": 1214.4157117224606
        }
    },
    "Psilocybin/Mushrooms": {
        "word count": {
            "25%": 521.25,
            "50%": 920.5,
            "75%": 1530.0,
            "count": 874.0,
            "max": 22700.0,
            "mean": 1191.8455377574371,
            "min": 27.0,
            "std": 1224.6186456208675
        }
    },
    "Total": {
        "word count": {
            "25%": 465.0,
            "50%": 794.0,
            "75%": 1351.5,
            "count": 2967.0,
            "max": 24241.0,
            "mean": 1078.453319851702,
            "min": 1.0,
            "std": 1152.219777855651
        }
    }
}